,st_time,level,instance,anomaly_type,duration,service,ed_time,data_type
0,1651340937,pod,recommendationservice-0,[io],540,recommendationservice,1651341477,train
1,1651347456,pod,frontend-2,[memory],540,frontend,1651347996,train
2,1651355555,pod,shippingservice-2,[network],540,shippingservice,1651356095,train
3,1651358169,service,paymentservice-0,[network],540,paymentservice,1651358709,train
4,1651358169,service,paymentservice-1,[network],540,paymentservice,1651358709,train
5,1651358169,service,paymentservice2-0,[network],540,paymentservice,1651358709,train
6,1651358169,service,paymentservice-2,[network],540,paymentservice,1651358709,train
7,1651362327,service,currencyservice-0,[network],540,currencyservice,1651362867,train
8,1651362327,service,currencyservice-1,[network],540,currencyservice,1651362867,train
9,1651362327,service,currencyservice-2,[network],540,currencyservice,1651362867,train
10,1651362327,service,currencyservice2-0,[network],540,currencyservice,1651362867,train
11,1651365415,service,emailservice2-0,[network],540,emailservice,1651365955,train
12,1651365415,service,emailservice-2,[network],540,emailservice,1651365955,train
13,1651365415,service,emailservice-0,[network],540,emailservice,1651365955,train
14,1651365415,service,emailservice-1,[network],540,emailservice,1651365955,train
15,1651366271,pod,checkoutservice-0,[cpu],540,checkoutservice,1651366811,train
16,1651367122,service,cartservice2-0,[network],540,cartservice,1651367662,train
17,1651367122,service,cartservice-1,[network],540,cartservice,1651367662,train
18,1651367122,service,cartservice-2,[network],540,cartservice,1651367662,train
19,1651367122,service,cartservice-0,[network],540,cartservice,1651367662,train
20,1651369063,service,checkoutservice-0,[cpu],540,checkoutservice,1651369603,train
21,1651369063,service,checkoutservice-1,[cpu],540,checkoutservice,1651369603,train
22,1651369063,service,checkoutservice2-0,[cpu],540,checkoutservice,1651369603,train
23,1651369063,service,checkoutservice-2,[cpu],540,checkoutservice,1651369603,train
24,1651377586,pod,frontend-1,[network],540,frontend,1651378126,train
25,1651379795,pod,productcatalogservice-2,[process],540,productcatalogservice,1651380335,train
26,1651380417,service,emailservice-0,[cpu],540,emailservice,1651380957,train
27,1651380417,service,emailservice2-0,[cpu],540,emailservice,1651380957,train
28,1651380417,service,emailservice-1,[cpu],540,emailservice,1651380957,train
29,1651380417,service,emailservice-2,[cpu],540,emailservice,1651380957,train
30,1651382580,pod,frontend-0,[io],540,frontend,1651383120,train
31,1651383819,pod,productcatalogservice-0,[network],540,productcatalogservice,1651384359,train
32,1651385173,pod,checkoutservice2-0,[process],540,checkoutservice,1651385713,train
33,1651386533,service,paymentservice2-0,[cpu],540,paymentservice,1651387073,train
34,1651386533,service,paymentservice-2,[cpu],540,paymentservice,1651387073,train
35,1651386533,service,paymentservice-1,[cpu],540,paymentservice,1651387073,train
36,1651386533,service,paymentservice-0,[cpu],540,paymentservice,1651387073,train
37,1651389043,service,checkoutservice-2,[network],540,checkoutservice,1651389583,train
38,1651389043,service,checkoutservice2-0,[network],540,checkoutservice,1651389583,train
39,1651389043,service,checkoutservice-0,[network],540,checkoutservice,1651389583,train
40,1651389043,service,checkoutservice-1,[network],540,checkoutservice,1651389583,train
41,1651392196,pod,recommendationservice-0,[io],540,recommendationservice,1651392736,train
42,1651393380,pod,emailservice-1,[io],540,emailservice,1651393920,train
43,1651398576,pod,frontend-0,[cpu],540,frontend,1651399116,train
44,1651398958,service,emailservice-0,[io],540,emailservice,1651399498,train
45,1651398958,service,emailservice2-0,[io],540,emailservice,1651399498,train
46,1651398958,service,emailservice-2,[io],540,emailservice,1651399498,train
47,1651398958,service,emailservice-1,[io],540,emailservice,1651399498,train
48,1651401140,service,paymentservice-2,[cpu],540,paymentservice,1651401680,train
49,1651401140,service,paymentservice2-0,[cpu],540,paymentservice,1651401680,train
50,1651401140,service,paymentservice-0,[cpu],540,paymentservice,1651401680,train
51,1651401140,service,paymentservice-1,[cpu],540,paymentservice,1651401680,train
52,1651402680,service,frontend-1,[io],540,frontend,1651403220,train
53,1651402680,service,frontend-0,[io],540,frontend,1651403220,train
54,1651402680,service,frontend-2,[io],540,frontend,1651403220,train
55,1651402680,service,frontend2-0,[io],540,frontend,1651403220,train
56,1651403338,service,shippingservice-0,[network],540,shippingservice,1651403878,train
57,1651403338,service,shippingservice-1,[network],540,shippingservice,1651403878,train
58,1651403338,service,shippingservice-2,[network],540,shippingservice,1651403878,train
59,1651403338,service,shippingservice2-0,[network],540,shippingservice,1651403878,train
60,1651407633,pod,shippingservice-0,[cpu],540,shippingservice,1651408173,train
61,1651410232,pod,cartservice-2,[network],540,cartservice,1651410772,train
62,1651414976,service,emailservice-0,[network],540,emailservice,1651415516,train
63,1651414976,service,emailservice-1,[network],540,emailservice,1651415516,train
64,1651414976,service,emailservice2-0,[network],540,emailservice,1651415516,train
65,1651414976,service,emailservice-2,[network],540,emailservice,1651415516,train
66,1651415840,service,frontend2-0,[network],540,frontend,1651416380,train
67,1651415840,service,frontend-2,[network],540,frontend,1651416380,train
68,1651415840,service,frontend-1,[network],540,frontend,1651416380,train
69,1651415840,service,frontend-0,[network],540,frontend,1651416380,train
70,1651417166,pod,recommendationservice-2,[network],540,recommendationservice,1651417706,train
71,1651419605,pod,currencyservice-2,[io],540,currencyservice,1651420145,train
72,1651510238,pod,shippingservice2-0,[memory],540,shippingservice,1651510778,train
73,1651514529,service,adservice2-0,[network],540,adservice,1651515069,train
74,1651514529,service,adservice-2,[network],540,adservice,1651515069,train
75,1651514529,service,adservice-1,[network],540,adservice,1651515069,train
76,1651514529,service,adservice-0,[network],540,adservice,1651515069,train
77,1651515718,pod,adservice2-0,[network],540,adservice,1651516258,train
78,1651518109,pod,paymentservice-1,[network],540,paymentservice,1651518649,train
79,1651519906,service,productcatalogservice2-0,[network],540,productcatalogservice,1651520446,train
80,1651519906,service,productcatalogservice-1,[network],540,productcatalogservice,1651520446,train
81,1651519906,service,productcatalogservice-0,[network],540,productcatalogservice,1651520446,train
82,1651519906,service,productcatalogservice-2,[network],540,productcatalogservice,1651520446,train
83,1651520967,pod,productcatalogservice-2,[io],540,productcatalogservice,1651521507,train
84,1651523554,service,recommendationservice-0,[io],540,recommendationservice,1651524094,train
85,1651523554,service,recommendationservice-1,[io],540,recommendationservice,1651524094,train
86,1651523554,service,recommendationservice-2,[io],540,recommendationservice,1651524094,train
87,1651523554,service,recommendationservice2-0,[io],540,recommendationservice,1651524094,train
88,1651526238,service,recommendationservice2-0,[process],540,recommendationservice,1651526778,train
89,1651526238,service,recommendationservice-2,[process],540,recommendationservice,1651526778,train
90,1651526238,service,recommendationservice-1,[process],540,recommendationservice,1651526778,train
91,1651526238,service,recommendationservice-0,[process],540,recommendationservice,1651526778,train
92,1651527361,pod,currencyservice-0,[network],540,currencyservice,1651527901,train
93,1651529574,service,frontend-2,[network],540,frontend,1651530114,train
94,1651529574,service,frontend-1,[network],540,frontend,1651530114,train
95,1651529574,service,frontend-0,[network],540,frontend,1651530114,train
96,1651529574,service,frontend2-0,[network],540,frontend,1651530114,train
97,1651530191,pod,cartservice2-0,[network],540,cartservice,1651530731,train
98,1651532212,pod,recommendationservice-1,[network],540,recommendationservice,1651532752,train
99,1651533257,service,recommendationservice2-0,[network],540,recommendationservice,1651533797,train
100,1651533257,service,recommendationservice-1,[network],540,recommendationservice,1651533797,train
101,1651533257,service,recommendationservice-0,[network],540,recommendationservice,1651533797,train
102,1651533257,service,recommendationservice-2,[network],540,recommendationservice,1651533797,train
103,1651535538,service,cartservice-0,[network],540,cartservice,1651536078,train
104,1651535538,service,cartservice-1,[network],540,cartservice,1651536078,train
105,1651535538,service,cartservice2-0,[network],540,cartservice,1651536078,train
106,1651535538,service,cartservice-2,[network],540,cartservice,1651536078,train
107,1651537524,pod,emailservice-2,[network],540,emailservice,1651538064,train
108,1651538629,service,emailservice-0,[io],540,emailservice,1651539169,train
109,1651538629,service,emailservice-1,[io],540,emailservice,1651539169,train
110,1651538629,service,emailservice-2,[io],540,emailservice,1651539169,train
111,1651538629,service,emailservice2-0,[io],540,emailservice,1651539169,train
112,1651542023,pod,checkoutservice-0,[process],540,checkoutservice,1651542563,train
113,1651544319,service,frontend2-0,[io],540,frontend,1651544859,train
114,1651544319,service,frontend-2,[io],540,frontend,1651544859,train
115,1651544319,service,frontend-0,[io],540,frontend,1651544859,train
116,1651544319,service,frontend-1,[io],540,frontend,1651544859,train
117,1651545391,service,adservice-0,[io],540,adservice,1651545931,train
118,1651545391,service,adservice-1,[io],540,adservice,1651545931,train
119,1651545391,service,adservice-2,[io],540,adservice,1651545931,train
120,1651545391,service,adservice2-0,[io],540,adservice,1651545931,train
121,1651548305,pod,currencyservice-1,[network],540,currencyservice,1651548845,train
122,1651551592,service,currencyservice2-0,[network],540,currencyservice,1651552132,train
123,1651551592,service,currencyservice-2,[network],540,currencyservice,1651552132,train
124,1651551592,service,currencyservice-1,[network],540,currencyservice,1651552132,train
125,1651551592,service,currencyservice-0,[network],540,currencyservice,1651552132,train
126,1651553048,service,checkoutservice2-0,[cpu],540,checkoutservice,1651553588,train
127,1651553048,service,checkoutservice-2,[cpu],540,checkoutservice,1651553588,train
128,1651553048,service,checkoutservice-0,[cpu],540,checkoutservice,1651553588,train
129,1651553048,service,checkoutservice-1,[cpu],540,checkoutservice,1651553588,train
130,1651555148,pod,adservice-2,[network],540,adservice,1651555688,train
131,1651557284,service,currencyservice2-0,[network],540,currencyservice,1651557824,train
132,1651557284,service,currencyservice-0,[network],540,currencyservice,1651557824,train
133,1651557284,service,currencyservice-1,[network],540,currencyservice,1651557824,train
134,1651557284,service,currencyservice-2,[network],540,currencyservice,1651557824,train
135,1651559992,service,checkoutservice-1,[network],540,checkoutservice,1651560532,train
136,1651559992,service,checkoutservice-2,[network],540,checkoutservice,1651560532,train
137,1651559992,service,checkoutservice2-0,[network],540,checkoutservice,1651560532,train
138,1651559992,service,checkoutservice-0,[network],540,checkoutservice,1651560532,train
139,1651560909,pod,productcatalogservice2-0,[network],540,productcatalogservice,1651561449,train
140,1651562022,service,productcatalogservice-0,[network],540,productcatalogservice,1651562562,train
141,1651562022,service,productcatalogservice2-0,[network],540,productcatalogservice,1651562562,train
142,1651562022,service,productcatalogservice-2,[network],540,productcatalogservice,1651562562,train
143,1651562022,service,productcatalogservice-1,[network],540,productcatalogservice,1651562562,train
144,1651564006,pod,shippingservice-1,[memory],540,shippingservice,1651564546,train
145,1651566484,service,checkoutservice-1,[process],540,checkoutservice,1651567024,train
146,1651566484,service,checkoutservice2-0,[process],540,checkoutservice,1651567024,train
147,1651566484,service,checkoutservice-2,[process],540,checkoutservice,1651567024,train
148,1651566484,service,checkoutservice-0,[process],540,checkoutservice,1651567024,train
149,1651570759,pod,paymentservice-1,[io],540,paymentservice,1651571299,train
150,1651571935,pod,productcatalogservice2-0,[network],540,productcatalogservice,1651572475,train
151,1651574154,service,emailservice-0,[io],540,emailservice,1651574694,train
152,1651574154,service,emailservice2-0,[io],540,emailservice,1651574694,train
153,1651574154,service,emailservice-2,[io],540,emailservice,1651574694,train
154,1651574154,service,emailservice-1,[io],540,emailservice,1651574694,train
155,1651575912,pod,shippingservice-2,[memory],540,shippingservice,1651576452,train
156,1651578454,service,productcatalogservice2-0,[memory],540,productcatalogservice,1651578994,train
157,1651578454,service,productcatalogservice-2,[memory],540,productcatalogservice,1651578994,train
158,1651578454,service,productcatalogservice-1,[memory],540,productcatalogservice,1651578994,train
159,1651578454,service,productcatalogservice-0,[memory],540,productcatalogservice,1651578994,train
160,1651581832,pod,recommendationservice-0,[network],540,recommendationservice,1651582372,train
161,1651587373,service,checkoutservice-0,[network],540,checkoutservice,1651587913,train
162,1651587373,service,checkoutservice2-0,[network],540,checkoutservice,1651587913,train
163,1651587373,service,checkoutservice-2,[network],540,checkoutservice,1651587913,train
164,1651587373,service,checkoutservice-1,[network],540,checkoutservice,1651587913,train
165,1651588509,service,recommendationservice2-0,[memory],540,recommendationservice,1651589049,train
166,1651588509,service,recommendationservice-1,[memory],540,recommendationservice,1651589049,train
167,1651588509,service,recommendationservice-0,[memory],540,recommendationservice,1651589049,train
168,1651588509,service,recommendationservice-2,[memory],540,recommendationservice,1651589049,train
169,1651589596,service,frontend-0,[network],540,frontend,1651590136,train
170,1651589596,service,frontend-1,[network],540,frontend,1651590136,train
171,1651589596,service,frontend-2,[network],540,frontend,1651590136,train
172,1651589596,service,frontend2-0,[network],540,frontend,1651590136,train
173,1651592393,pod,checkoutservice-2,[io],540,checkoutservice,1651592933,train
174,1651686054,service,shippingservice-0,[network],540,shippingservice,1651686594,train
175,1651686054,service,shippingservice2-0,[network],540,shippingservice,1651686594,train
176,1651686054,service,shippingservice-1,[network],540,shippingservice,1651686594,train
177,1651686054,service,shippingservice-2,[network],540,shippingservice,1651686594,train
178,1651688141,pod,emailservice-2,[io],540,emailservice,1651688681,train
179,1651688909,pod,shippingservice2-0,[memory],540,shippingservice,1651689449,train
180,1651692556,pod,productcatalogservice-0,[io],540,productcatalogservice,1651693096,train
181,1651694960,service,cartservice2-0,[network],540,cartservice,1651695500,train
182,1651694960,service,cartservice-0,[network],540,cartservice,1651695500,train
183,1651694960,service,cartservice-1,[network],540,cartservice,1651695500,train
184,1651694960,service,cartservice-2,[network],540,cartservice,1651695500,train
185,1651699208,pod,recommendationservice-1,[cpu],540,recommendationservice,1651699748,train
186,1651703269,pod,recommendationservice2-0,[network],540,recommendationservice,1651703809,train
187,1651708764,pod,shippingservice2-0,[network],540,shippingservice,1651709304,train
188,1651712135,service,checkoutservice-0,[network],540,checkoutservice,1651712675,train
189,1651712135,service,checkoutservice2-0,[network],540,checkoutservice,1651712675,train
190,1651712135,service,checkoutservice-1,[network],540,checkoutservice,1651712675,train
191,1651712135,service,checkoutservice-2,[network],540,checkoutservice,1651712675,train
192,1651716458,pod,recommendationservice-2,[io],540,recommendationservice,1651716998,train
193,1651721139,service,frontend-1,[network],540,frontend,1651721679,train
194,1651721139,service,frontend-0,[network],540,frontend,1651721679,train
195,1651721139,service,frontend-2,[network],540,frontend,1651721679,train
196,1651721139,service,frontend2-0,[network],540,frontend,1651721679,train
197,1651723658,service,cartservice2-0,[network],540,cartservice,1651724198,train
198,1651723658,service,cartservice-2,[network],540,cartservice,1651724198,train
199,1651723658,service,cartservice-1,[network],540,cartservice,1651724198,train
200,1651723658,service,cartservice-0,[network],540,cartservice,1651724198,train
201,1651727156,pod,paymentservice-0,[network],540,paymentservice,1651727696,train
202,1651728277,pod,cartservice-0,[memory],540,cartservice,1651728817,train
203,1651732152,service,adservice-1,[network],540,adservice,1651732692,train
204,1651732152,service,adservice-0,[network],540,adservice,1651732692,train
205,1651732152,service,adservice-2,[network],540,adservice,1651732692,train
206,1651732152,service,adservice2-0,[network],540,adservice,1651732692,train
207,1651733576,pod,checkoutservice-0,[network],540,checkoutservice,1651734116,train
208,1651734682,pod,paymentservice-0,[memory],540,paymentservice,1651735222,train
209,1651736646,service,recommendationservice-0,[network],540,recommendationservice,1651737186,train
210,1651736646,service,recommendationservice2-0,[network],540,recommendationservice,1651737186,train
211,1651736646,service,recommendationservice-2,[network],540,recommendationservice,1651737186,train
212,1651736646,service,recommendationservice-1,[network],540,recommendationservice,1651737186,train
213,1651738176,service,recommendationservice2-0,[cpu],540,recommendationservice,1651738716,train
214,1651738176,service,recommendationservice-2,[cpu],540,recommendationservice,1651738716,train
215,1651738176,service,recommendationservice-0,[cpu],540,recommendationservice,1651738716,train
216,1651738176,service,recommendationservice-1,[cpu],540,recommendationservice,1651738716,train
217,1651740365,service,recommendationservice-1,[io],540,recommendationservice,1651740905,train
218,1651740365,service,recommendationservice2-0,[io],540,recommendationservice,1651740905,train
219,1651740365,service,recommendationservice-0,[io],540,recommendationservice,1651740905,train
220,1651740365,service,recommendationservice-2,[io],540,recommendationservice,1651740905,train
221,1651742838,service,productcatalogservice-0,[process],540,productcatalogservice,1651743378,train
222,1651742838,service,productcatalogservice-1,[process],540,productcatalogservice,1651743378,train
223,1651742838,service,productcatalogservice2-0,[process],540,productcatalogservice,1651743378,train
224,1651742838,service,productcatalogservice-2,[process],540,productcatalogservice,1651743378,train
225,1651744078,pod,checkoutservice-2,[process],540,checkoutservice,1651744618,train
226,1651746090,pod,cartservice-0,[process],540,cartservice,1651746630,train
227,1651753127,pod,currencyservice-2,[cpu],540,currencyservice,1651753667,train
228,1651755177,service,cartservice-0,[network],540,cartservice,1651755717,train
229,1651755177,service,cartservice-2,[network],540,cartservice,1651755717,train
230,1651755177,service,cartservice2-0,[network],540,cartservice,1651755717,train
231,1651755177,service,cartservice-1,[network],540,cartservice,1651755717,train
232,1651757106,pod,adservice2-0,[network],540,adservice,1651757646,train
233,1651758487,service,checkoutservice-1,[cpu],540,checkoutservice,1651759027,train
234,1651758487,service,checkoutservice-0,[cpu],540,checkoutservice,1651759027,train
235,1651758487,service,checkoutservice2-0,[cpu],540,checkoutservice,1651759027,train
236,1651758487,service,checkoutservice-2,[cpu],540,checkoutservice,1651759027,train
237,1651759027,pod,frontend-2,[network],540,frontend,1651759567,train
238,1651760033,service,cartservice-1,[network],540,cartservice,1651760573,train
239,1651760033,service,cartservice-2,[network],540,cartservice,1651760573,train
240,1651760033,service,cartservice2-0,[network],540,cartservice,1651760573,train
241,1651760033,service,cartservice-0,[network],540,cartservice,1651760573,train
242,1651762517,pod,frontend-1,[network],540,frontend,1651763057,train
243,1651764000,service,recommendationservice2-0,[network],540,recommendationservice,1651764540,train
244,1651764000,service,recommendationservice-2,[network],540,recommendationservice,1651764540,train
245,1651764000,service,recommendationservice-0,[network],540,recommendationservice,1651764540,train
246,1651764000,service,recommendationservice-1,[network],540,recommendationservice,1651764540,train
247,1651858208,service,productcatalogservice-2,[network],540,productcatalogservice,1651858748,train
248,1651858208,service,productcatalogservice2-0,[network],540,productcatalogservice,1651858748,train
249,1651858208,service,productcatalogservice-0,[network],540,productcatalogservice,1651858748,train
250,1651858208,service,productcatalogservice-1,[network],540,productcatalogservice,1651858748,train
251,1651859583,pod,frontend-2,[io],540,frontend,1651860123,train
252,1651861952,pod,shippingservice-1,[network],540,shippingservice,1651862492,train
253,1651863211,service,emailservice2-0,[network],540,emailservice,1651863751,train
254,1651863211,service,emailservice-0,[network],540,emailservice,1651863751,train
255,1651863211,service,emailservice-1,[network],540,emailservice,1651863751,train
256,1651863211,service,emailservice-2,[network],540,emailservice,1651863751,train
257,1651869023,pod,cartservice-0,[process],540,cartservice,1651869563,train
258,1651870394,pod,productcatalogservice-2,[network],540,productcatalogservice,1651870934,train
259,1651871475,pod,paymentservice-0,[network],540,paymentservice,1651872015,train
260,1651873932,pod,shippingservice-1,[network],540,shippingservice,1651874472,train
261,1651876445,service,frontend2-0,[io],540,frontend,1651876985,train
262,1651876445,service,frontend-0,[io],540,frontend,1651876985,train
263,1651876445,service,frontend-2,[io],540,frontend,1651876985,train
264,1651876445,service,frontend-1,[io],540,frontend,1651876985,train
265,1651877333,pod,currencyservice-0,[cpu],540,currencyservice,1651877873,train
266,1651878362,pod,shippingservice-1,[network],540,shippingservice,1651878902,train
267,1651880837,service,productcatalogservice-2,[network],540,productcatalogservice,1651881377,train
268,1651880837,service,productcatalogservice-1,[network],540,productcatalogservice,1651881377,train
269,1651880837,service,productcatalogservice-0,[network],540,productcatalogservice,1651881377,train
270,1651880837,service,productcatalogservice2-0,[network],540,productcatalogservice,1651881377,train
271,1651881306,service,frontend2-0,[network],540,frontend,1651881846,train
272,1651881306,service,frontend-0,[network],540,frontend,1651881846,train
273,1651881306,service,frontend-1,[network],540,frontend,1651881846,train
274,1651881306,service,frontend-2,[network],540,frontend,1651881846,train
275,1651884469,pod,emailservice-1,[network],540,emailservice,1651885009,train
276,1651885771,service,cartservice2-0,[network],540,cartservice,1651886311,train
277,1651885771,service,cartservice-2,[network],540,cartservice,1651886311,train
278,1651885771,service,cartservice-1,[network],540,cartservice,1651886311,train
279,1651885771,service,cartservice-0,[network],540,cartservice,1651886311,train
280,1651889566,service,recommendationservice-0,[memory],540,recommendationservice,1651890106,train
281,1651889566,service,recommendationservice-1,[memory],540,recommendationservice,1651890106,train
282,1651889566,service,recommendationservice-2,[memory],540,recommendationservice,1651890106,train
283,1651889566,service,recommendationservice2-0,[memory],540,recommendationservice,1651890106,train
284,1651891523,service,recommendationservice2-0,[io],540,recommendationservice,1651892063,train
285,1651891523,service,recommendationservice-2,[io],540,recommendationservice,1651892063,train
286,1651891523,service,recommendationservice-1,[io],540,recommendationservice,1651892063,train
287,1651891523,service,recommendationservice-0,[io],540,recommendationservice,1651892063,train
288,1651897275,service,currencyservice-2,[memory],540,currencyservice,1651897815,train
289,1651897275,service,currencyservice-0,[memory],540,currencyservice,1651897815,train
290,1651897275,service,currencyservice-1,[memory],540,currencyservice,1651897815,train
291,1651897275,service,currencyservice2-0,[memory],540,currencyservice,1651897815,train
292,1651899367,pod,recommendationservice-1,[cpu],540,recommendationservice,1651899907,train
293,1651903067,service,checkoutservice2-0,[network],540,checkoutservice,1651903607,train
294,1651903067,service,checkoutservice-2,[network],540,checkoutservice,1651903607,train
295,1651903067,service,checkoutservice-1,[network],540,checkoutservice,1651903607,train
296,1651903067,service,checkoutservice-0,[network],540,checkoutservice,1651903607,train
297,1651904895,service,productcatalogservice-0,[process],540,productcatalogservice,1651905435,train
298,1651904895,service,productcatalogservice-1,[process],540,productcatalogservice,1651905435,train
299,1651904895,service,productcatalogservice2-0,[process],540,productcatalogservice,1651905435,train
300,1651904895,service,productcatalogservice-2,[process],540,productcatalogservice,1651905435,train
301,1651906320,service,recommendationservice2-0,[io],540,recommendationservice,1651906860,train
302,1651906320,service,recommendationservice-2,[io],540,recommendationservice,1651906860,train
303,1651906320,service,recommendationservice-1,[io],540,recommendationservice,1651906860,train
304,1651906320,service,recommendationservice-0,[io],540,recommendationservice,1651906860,train
305,1651908253,service,adservice2-0,[memory],540,adservice,1651908793,train
306,1651908253,service,adservice-0,[memory],540,adservice,1651908793,train
307,1651908253,service,adservice-1,[memory],540,adservice,1651908793,train
308,1651908253,service,adservice-2,[memory],540,adservice,1651908793,train
309,1651909424,service,adservice-0,[io],540,adservice,1651909964,train
310,1651909424,service,adservice-2,[io],540,adservice,1651909964,train
311,1651909424,service,adservice-1,[io],540,adservice,1651909964,train
312,1651909424,service,adservice2-0,[io],540,adservice,1651909964,train
313,1651910133,service,frontend2-0,[network],540,frontend,1651910673,train
314,1651910133,service,frontend-2,[network],540,frontend,1651910673,train
315,1651910133,service,frontend-1,[network],540,frontend,1651910673,train
316,1651910133,service,frontend-0,[network],540,frontend,1651910673,train
317,1651911478,service,paymentservice-2,[network],540,paymentservice,1651912018,train
318,1651911478,service,paymentservice2-0,[network],540,paymentservice,1651912018,train
319,1651911478,service,paymentservice-0,[network],540,paymentservice,1651912018,train
320,1651911478,service,paymentservice-1,[network],540,paymentservice,1651912018,train
321,1651914144,pod,productcatalogservice-1,[network],540,productcatalogservice,1651914684,train
322,1651915992,service,adservice2-0,[memory],540,adservice,1651916532,train
323,1651915992,service,adservice-0,[memory],540,adservice,1651916532,train
324,1651915992,service,adservice-1,[memory],540,adservice,1651916532,train
325,1651915992,service,adservice-2,[memory],540,adservice,1651916532,train
326,1651919818,service,frontend2-0,[network],540,frontend,1651920358,train
327,1651919818,service,frontend-2,[network],540,frontend,1651920358,train
328,1651919818,service,frontend-0,[network],540,frontend,1651920358,train
329,1651919818,service,frontend-1,[network],540,frontend,1651920358,train
330,1651920562,pod,adservice-0,[io],540,adservice,1651921102,train
331,1651932648,pod,emailservice-2,[network],540,emailservice,1651933188,train
332,1651934221,pod,adservice2-0,[io],540,adservice,1651934761,train
333,1651935446,service,adservice2-0,[network],540,adservice,1651935986,train
334,1651935446,service,adservice-2,[network],540,adservice,1651935986,train
335,1651935446,service,adservice-1,[network],540,adservice,1651935986,train
336,1651935446,service,adservice-0,[network],540,adservice,1651935986,train
337,1651936625,service,emailservice2-0,[network],540,emailservice,1651937165,test
338,1651936625,service,emailservice-2,[network],540,emailservice,1651937165,test
339,1651936625,service,emailservice-0,[network],540,emailservice,1651937165,train
340,1651936625,service,emailservice-1,[network],540,emailservice,1651937165,test
341,1652026980,pod,emailservice-0,[io],540,emailservice,1652027520,train
342,1652027890,pod,emailservice-1,[io],540,emailservice,1652028430,train
343,1652028651,service,checkoutservice-2,[cpu],540,checkoutservice,1652029191,train
344,1652028651,service,checkoutservice-1,[cpu],540,checkoutservice,1652029191,train
345,1652028651,service,checkoutservice-0,[cpu],540,checkoutservice,1652029191,train
346,1652028651,service,checkoutservice2-0,[cpu],540,checkoutservice,1652029191,test
347,1652029802,pod,frontend-2,[network],540,frontend,1652030342,test
348,1652031460,service,shippingservice2-0,[io],540,shippingservice,1652032000,train
349,1652031460,service,shippingservice-2,[io],540,shippingservice,1652032000,train
350,1652031460,service,shippingservice-1,[io],540,shippingservice,1652032000,train
351,1652031460,service,shippingservice-0,[io],540,shippingservice,1652032000,test
352,1652032391,pod,shippingservice-1,[cpu],540,shippingservice,1652032931,test
353,1652034858,service,frontend-0,[network],540,frontend,1652035398,test
354,1652034858,service,frontend2-0,[network],540,frontend,1652035398,test
355,1652034858,service,frontend-1,[network],540,frontend,1652035398,test
356,1652034858,service,frontend-2,[network],540,frontend,1652035398,test
357,1652044466,pod,shippingservice-1,[cpu],540,shippingservice,1652045006,test
358,1652046023,service,emailservice2-0,[io],540,emailservice,1652046563,test
359,1652046023,service,emailservice-2,[io],540,emailservice,1652046563,test
360,1652046023,service,emailservice-1,[io],540,emailservice,1652046563,test
361,1652046023,service,emailservice-0,[io],540,emailservice,1652046563,test
362,1652047629,service,recommendationservice2-0,[memory],540,recommendationservice,1652048169,train
363,1652047629,service,recommendationservice-2,[memory],540,recommendationservice,1652048169,train
364,1652047629,service,recommendationservice-1,[memory],540,recommendationservice,1652048169,train
365,1652047629,service,recommendationservice-0,[memory],540,recommendationservice,1652048169,train
366,1652049367,service,productcatalogservice2-0,[network],540,productcatalogservice,1652049907,test
367,1652049367,service,productcatalogservice-0,[network],540,productcatalogservice,1652049907,test
368,1652049367,service,productcatalogservice-1,[network],540,productcatalogservice,1652049907,test
369,1652049367,service,productcatalogservice-2,[network],540,productcatalogservice,1652049907,test
370,1652051200,pod,recommendationservice-2,[memory],540,recommendationservice,1652051740,train
371,1652052222,service,emailservice-0,[memory],540,emailservice,1652052762,train
372,1652052222,service,emailservice2-0,[memory],540,emailservice,1652052762,test
373,1652052222,service,emailservice-2,[memory],540,emailservice,1652052762,test
374,1652052222,service,emailservice-1,[memory],540,emailservice,1652052762,test
375,1652055279,pod,shippingservice-0,[network],540,shippingservice,1652055819,test
376,1652060333,pod,recommendationservice2-0,[io],540,recommendationservice,1652060873,test
377,1652061480,service,currencyservice-2,[cpu],540,currencyservice,1652062020,test
378,1652061480,service,currencyservice2-0,[cpu],540,currencyservice,1652062020,test
379,1652061480,service,currencyservice-0,[cpu],540,currencyservice,1652062020,test
380,1652061480,service,currencyservice-1,[cpu],540,currencyservice,1652062020,test
381,1652063842,service,recommendationservice2-0,[io],540,recommendationservice,1652064382,test
382,1652063842,service,recommendationservice-2,[io],540,recommendationservice,1652064382,test
383,1652063842,service,recommendationservice-1,[io],540,recommendationservice,1652064382,test
384,1652063842,service,recommendationservice-0,[io],540,recommendationservice,1652064382,test
385,1652066468,service,paymentservice2-0,[memory],540,paymentservice,1652067008,test
386,1652066468,service,paymentservice-2,[memory],540,paymentservice,1652067008,test
387,1652066468,service,paymentservice-1,[memory],540,paymentservice,1652067008,test
388,1652066468,service,paymentservice-0,[memory],540,paymentservice,1652067008,test
389,1652069584,pod,adservice-1,[io],540,adservice,1652070124,test
390,1652072251,service,adservice2-0,[process],540,adservice,1652072791,test
391,1652072251,service,adservice-1,[process],540,adservice,1652072791,test
392,1652072251,service,adservice-0,[process],540,adservice,1652072791,test
393,1652072251,service,adservice-2,[process],540,adservice,1652072791,test
394,1652075078,pod,checkoutservice2-0,[network],540,checkoutservice,1652075618,test
395,1652077083,service,cartservice-0,[network],540,cartservice,1652077623,test
396,1652077083,service,cartservice-1,[network],540,cartservice,1652077623,test
397,1652077083,service,cartservice-2,[network],540,cartservice,1652077623,test
398,1652077083,service,cartservice2-0,[network],540,cartservice,1652077623,test
399,1652078717,service,productcatalogservice-0,[network],540,productcatalogservice,1652079257,test
400,1652078717,service,productcatalogservice-1,[network],540,productcatalogservice,1652079257,test
401,1652078717,service,productcatalogservice-2,[network],540,productcatalogservice,1652079257,test
402,1652078717,service,productcatalogservice2-0,[network],540,productcatalogservice,1652079257,test
403,1652079403,service,checkoutservice-0,[network],540,checkoutservice,1652079943,test
404,1652079403,service,checkoutservice-1,[network],540,checkoutservice,1652079943,test
405,1652079403,service,checkoutservice-2,[network],540,checkoutservice,1652079943,test
406,1652079403,service,checkoutservice2-0,[network],540,checkoutservice,1652079943,test
407,1652080322,service,frontend-0,[network],540,frontend,1652080862,test
408,1652080322,service,frontend2-0,[network],540,frontend,1652080862,test
409,1652080322,service,frontend-1,[network],540,frontend,1652080862,test
410,1652080322,service,frontend-2,[network],540,frontend,1652080862,test
411,1652081634,pod,productcatalogservice-2,[network],540,productcatalogservice,1652082174,test
412,1652085116,service,shippingservice-0,[network],540,shippingservice,1652085656,test
413,1652085116,service,shippingservice-1,[network],540,shippingservice,1652085656,test
414,1652085116,service,shippingservice-2,[network],540,shippingservice,1652085656,test
415,1652085116,service,shippingservice2-0,[network],540,shippingservice,1652085656,test
416,1652088630,pod,frontend-1,[cpu],540,frontend,1652089170,test
417,1652089514,pod,adservice-1,[io],540,adservice,1652090054,test
418,1652090619,pod,frontend-2,[network],540,frontend,1652091159,test
419,1652092703,pod,productcatalogservice-0,[network],540,productcatalogservice,1652093243,test
420,1652093544,pod,paymentservice-2,[process],540,paymentservice,1652094084,test
421,1652094318,pod,frontend-1,[memory],540,frontend,1652094858,test
422,1652097055,pod,emailservice-2,[network],540,emailservice,1652097595,test
423,1652098933,service,emailservice-2,[network],540,emailservice,1652099473,test
424,1652098933,service,emailservice2-0,[network],540,emailservice,1652099473,test
425,1652098933,service,emailservice-1,[network],540,emailservice,1652099473,test
426,1652098933,service,emailservice-0,[network],540,emailservice,1652099473,test
427,1652099503,service,emailservice-2,[io],540,emailservice,1652100043,test
428,1652099503,service,emailservice2-0,[io],540,emailservice,1652100043,test
429,1652099503,service,emailservice-1,[io],540,emailservice,1652100043,test
430,1652099503,service,emailservice-0,[io],540,emailservice,1652100043,test
431,1652102061,pod,cartservice-2,[network],540,cartservice,1652102601,test
432,1652104717,pod,currencyservice-2,[cpu],540,currencyservice,1652105257,test
433,1652108177,service,productcatalogservice2-0,[network],540,productcatalogservice,1652108717,test
434,1652108177,service,productcatalogservice-2,[network],540,productcatalogservice,1652108717,test
435,1652108177,service,productcatalogservice-1,[network],540,productcatalogservice,1652108717,test
436,1652108177,service,productcatalogservice-0,[network],540,productcatalogservice,1652108717,test
437,1652110645,pod,recommendationservice-0,[memory],540,recommendationservice,1652111185,test
